{"cameraMode":{"drawMode":0,"name":"Shaded","section":"Shading Mode"},"sceneLighting":true,"audioPlay":false,"sceneViewState":{"showFog":true,"showMaterialUpdate":false,"showSkybox":true,"showFlares":true,"showImageEffects":true,"showParticleSystems":true},"in2DMode":false,"pivot":{"x":-5.222849369049072,"y":-6.2969560623168949,"z":13.650680541992188},"rotation":{"x":-0.04379548132419586,"y":-0.0024003791622817518,"z":0.00010501470387680456,"w":-0.9990404844284058},"size":85.55503845214844,"orthographic":false}